{"cameraMode":{"drawMode":0,"name":"Shaded","section":"Shading Mode"},"sceneLighting":true,"audioPlay":false,"sceneViewState":{"m_AlwaysRefresh":false,"showFog":true,"showSkybox":true,"showFlares":true,"showImageEffects":true,"showParticleSystems":true,"showVisualEffectGraphs":true,"m_FxEnabled":true},"in2DMode":false,"pivot":{"x":0.213205948472023,"y":9.22009563446045,"z":9.292838096618653},"rotation":{"x":0.5481836795806885,"y":-0.004014546051621437,"z":0.002631466370075941,"w":0.8363444805145264},"size":21.216724395751954,"orthographic":true}