{"cameraMode":{"drawMode":0,"name":"Shaded","section":"Shading Mode"},"sceneLighting":false,"audioPlay":false,"sceneViewState":{"m_AlwaysRefresh":false,"showFog":true,"showSkybox":false,"showFlares":true,"showImageEffects":true,"showParticleSystems":true,"showVisualEffectGraphs":true,"m_FxEnabled":true},"in2DMode":false,"pivot":{"x":1.9988338947296143,"y":1.80655837059021,"z":20.466291427612306},"rotation":{"x":-0.4299618601799011,"y":0.023557210341095926,"z":-0.011223782785236836,"w":-0.902476966381073},"size":2.9104764461517336,"orthographic":false}